<?xml version="1.0" encoding="UTF-8"?>
<!DOCTYPE suite SYSTEM "https://testng.org/testng-1.0.dtd">
<suite name="Suite">
  <test thread-count="5" name="ChromeTest">
	  <parameter name="browser" value="Chrome"></parameter>
    <classes>
      <class name="com.invezza.smartonline.CrossbrowserTest"/>
    </classes>
  </test> <!-- Test -->
  
   <test thread-count="5" name="FirefoxTest">
	  <parameter name="browser" value="Firefox"></parameter>
    <classes>
      <class name="com.invezza.smartonline.CrossbrowserTest"/>
    </classes>
  </test> <!-- Test -->
  
   <test thread-count="5" name="InternetExplorerTest">
	  <parameter name="browser" value="InternetExplorer"></parameter>
    <classes>
      <class name="com.invezza.smartonline.CrossbrowserTest"/>
    </classes>
  </test> <!-- Test -->
</suite> <!-- Suite -->
 